USGS_GAGE,STATION_NA,LATITUDE,LONGITUDE,COMID_CHEC,MANUAL_COM,GAGESII_SI,SCREEN_ACT,FLOW_YRS_P,FLOW_YRS_1,FINAL_REFE,NATURALIZED,REF_BEGIN_,REF_END_YE,DECISION_N,GAGES_II_S,HYDRO_DIST,STOR_NOR_2,CANALS_PCT,NPDES_MAJ_,FRESHW_WIT,PCT_IRRIG_,DEVNLCD06,CROPSNLCD0,ROADS_KM_S,TOTAL_YEARS,NEW_CLASS
10295500,"L WALKER R NR BRIDGEPORT, CA",38.3607482,-119.4448868,ok, ,Ref,yes,49,24,YY,No,1950,2008,geographic exclusion in xeric. Reconsider as reference,proximal irrigation & possible diversion,9,1.4,8.5,0,32.9,0,0.65,0,0.46,58,1
10308783,LEVIATHAN C AB MINE NR MARKLEEVILLE CA,38.7012952,-119.6565614,ok, ,Ref,yes,14,0,YY,No,1998,2014,geographic exclusion in xeric. Reconsider as reference,"undeveloped, NEoA",6,0,0,0,10.9,0,0.93,0,1.12,16,1
10281800,INDEPENDENCE C BL PINYON C NR INDEPENDENCE CA,36.77854383,-118.2645412,ok,disc. segments,Ref,yes,28,24,Y,No,1950,1978,see GAGES_II_SCREENING_COMMENTS,possible proximal diversion?,6,0,0,0,26.6,0,2.17,0,0.47,28,1
10291500,"BUCKEYE CREEK NEAR BRIDGEPORT, CA",38.23880787,-119.3259923,ok, ,Ref,yes,43,21,Y,No,1953,2015,see GAGES_II_SCREENING_COMMENTS,wilderness-butproximal cmpgrnd,4,0,0,0,32.7,0,0,0,0.09,62,1
10308200,E F CARSON R BL MARKLEEVILLE C NR MARKLEEVILLECA,38.7146274,-119.7648985,ok, ,Ref,yes,54,14,Y,No,1960,2014,see GAGES_II_SCREENING_COMMENTS,"mostly roadless, possible proximal irrigation use",5,12.32,0,0,11.1,0,0.54,0,0.3,54,1
10310000,"WEST FORK CARSON RIVER AT WOODFORDS, CA",38.76962765,-119.833789,ok, ,Non-ref,yes,64,24,Y,No,1950,2014,No evidence of hydro alteration during specified period,"some roads, some regulation?",4,19.66,0,0,10.9,0,1.33,0,0.74,64,1
10336580,UPPER TRUCKEE R AT S UPPER TRUCKEE RD NR MEYERS CA,38.79629598,-120.0190718,ok, ,Ref,yes,21,0,Y,No,1990,2011,see GAGES_II_SCREENING_COMMENTS,"undeveloped, NEoA",3,0,0,0,14.3,0,0,0,0.04,21,1
10336600,UP TRUCKEE R NR MEYERS CA,38.84296293,-120.0246274,ok, ,Ref,yes,26,14,Y,No,1960,1986,see GAGES_II_SCREENING_COMMENTS,"lt proximal development, NEoA",5,0,0,0,15.2,0,2.36,0,0.6,26,1
10336770,TROUT CK AT USFS RD 12N01 NR MEYERS CA,38.8632405,-119.9582367,ok, ,Ref,yes,20,0,Y,No,1990,2011,see GAGES_II_SCREENING_COMMENTS,"undeveloped, NEoA",4,0,0,0,16.3,0,0,0,0.16,21,1
10336780,TROUT CREEK NR TAHOE VALLEY CALIF,38.9199077,-119.9724036,ok, ,Non-ref,yes,54,14,Y,No,1960,2014,No evidence of hydro alteration during specified period,prox. Urban,5,0,0,0,16.3,0,3.09,0,0.93,54,1
11208000,MARBLE F KAWEAH R (R ONLY) A POTWISHA CAMP CA,36.5218899,-118.7992652,suspect,"wrong snap, should be COMID=14918005",Non-ref,yes,61,24,Y,No,1950,1960,No evidence of hydro alteration during specified period,"HBN , prox diversion",8,0,0,0,265.6,0,1.52,0,0.4,10,1
11213500,KINGS R AB NF NR TRIMMER CA,36.8632806,-119.124282,ok, ,Ref,yes,32,24,Y,No,1950,1982,see GAGES_II_SCREENING_COMMENTS,mostly widlerness--Kings Cnyn NP,9,0.69,0,0,318,0,0.26,0,0.16,32,1
11214000,NF KINGS R BL MEADOWBROOK CA,37.08133045,-118.862888,ok, ,Ref,yes,25,18,Y,No,1956,1981,see GAGES_II_SCREENING_COMMENTS,wilderness,8,0,0,0,331.3,0,0,0,0,25,1
11218500,KINGS R BL NF NR TRIMMER CA,36.87466959,-119.1417829,ok, ,Non-ref,yes,31,12,Y,No,1962,1993,No evidence of hydro alteration during specified period,upstrm reservoirs,16,44.72,0.29,0,322,0,0.2,0,0.22,31,1
11226500,SAN JOAQUIN R A MILLER CROSSING CA,37.51049707,-119.1973476,ok, ,Ref,yes,40,23,Y,No,1951,1991,see GAGES_II_SCREENING_COMMENTS,wilderness,7,0,0,0,272.8,0,0.12,0,0.04,40,1
11230500,BEAR C NR LAKE THOMAS A EDISON CA,37.3393863,-118.9734513,ok, ,Ref,yes,64,24,Y,No,1950,2014,see GAGES_II_SCREENING_COMMENTS,Wilderness--John Muir,8,0,0,0,328.9,0,0,0,0,64,1
11237500,PITMAN C BL TAMARACK C CA,37.19855659,-119.2137328,ok, ,Ref,yes,63,24,Y,No,1950,2013,see GAGES_II_SCREENING_COMMENTS,mostly roadless,10,0,0.23,0,331.3,0,0.5,0,0.17,63,1
11264500,MERCED R A HAPPY ISLES BRIDGE NR YOSEMITE CA,37.73159272,-119.5587736,ok, ,Ref,yes,64,24,Y,No,1950,2014,see GAGES_II_SCREENING_COMMENTS,"HBN, mostly wilderness, small local diversion",6,0,0,0,99.1,0,0,0,0.01,64,1
11266500,MERCED R A POHONO BRIDGE NR YOSEMITE CA,37.71687138,-119.6662788,ok, ,Ref,yes,63,24,Y,No,1950,2014,see GAGES_II_SCREENING_COMMENTS,mostly wilderness--YOSE,6,0,0,0,56.4,0,0.49,0,0.15,64,1
11274790,TUOLUMNE R A GRAND CYN OF TUOLUMNE AB HETCH HETCHY,37.916588,-119.659894,ok, ,Ref,yes,7,0,Y,No,2006,2014,see GAGES_II_SCREENING_COMMENTS,"undeveloped, NEoA",3,0,0,0,8.3,0,0.15,0,0.04,8,1
11275000,FALLS C NR HETCH HETCHY CA,37.97075376,-119.764343,ok, ,Ref,yes,32,23,Y,No,1950,1983,see GAGES_II_SCREENING_COMMENTS,Yosemite Wilderness,3,0,0,0,7.9,0,0,0,0,33,1
11292500,CLARK FORK STANISLAUS R NR DARDANELLE CA,38.36380105,-119.8712915,ok, ,Ref,yes,44,24,Y,No,1950,1994,see GAGES_II_SCREENING_COMMENTS,some roads and campgrnds,4,0,0,0,9.9,0,0,0,0.14,44,1
11294000,HIGHLAND C BL SPICER MEADOWS RES CA,38.3929682,-119.9990737,ok, ,Non-ref,yes,62,22,Y,No,1952,1980,No evidence of hydro alteration during specified period,Proximal reservoir-Spicer Meadows,18,1958.16,0,0,10.5,0,0,0,0.21,28,1
11418000,YUBA R BL ENGLEBRIGHT DAM NR SMARTVILLE CA,39.23517079,-121.2741256,ok, ,Non-ref,yes,62,24,Y,Yes,1950,1969,No evidence of hydro alteration during specified period,proximal reservoir--Englebright dam,22,581.42,3.83,0,64.6,0,1.15,0,1.49,19,2
11251000,San Joaquin R below Friant,36.98444,-119.7233,,,,,,,,Yes,1907,1940,dams/diversions began in 1941,,,,,,,,,,,33,2
11270900,MERCED R BL MERCED FALLS DAM NR SNELL CA,37.52167,-120.3314,,,,,,,,Yes,1900,1925,dams/diversions began in 1926,,,,,,,,,,,25,2
11299000,New Melones Dam,37.95111,-120.5225,,,,,,,,Yes,1996,2008,gage is on a reservoir. ,,,,,,,,,,,12,2
11446220,American R near Folsom,38.70453,-121.1644,,,,,,,,Yes,1996,2008,no USGS streamflow data,,,,,,,,,,,12,2
11419000,YUBA R BL ENGLEBRIGHT DAM NR SMARTVILLE CA,39.22361,-121.2925,,,,,,,,No,1903,1939,Engelbright dam completed in 1941. Upstrm reservoirs later,,,,,,,,,,,36,2
11406999,"Oroville Dam, Feather River (DWR)",39.52167,-121.5467,,,,,,,,Yes,1987,2013,major dams/diversions began 1910,,,,,,,,,,,26,2
10264600,OAK C NR MOJAVE CA,35.04996928,-118.3578592,suspect,on trib. coords. wrong. should be COMID=22673708,Ref,yes,29,17,YY,No,1957,1986,geographic exclusion in xeric. Reconsider as reference,"roads, proximal diversion?",9,0,0,0,184.3,0,0.45,0.04,1.15,29,3
11196400,CALIENTE C AB TEHACHAPI C NR CALIENTE CA,35.31134824,-118.5703669,ok, ,Ref,yes,21,13,YY,No,1961,1983,geographic exclusion in xeric. Reconsider as reference,"upstrm lt development, NEoA",9,0,0,0,184.3,0,0.41,0,0.89,22,3
11204100,SF TULE R NR RESERVATION BNDRY NR PORTERVILLE CA,36.02411648,-118.8134258,ok, ,Ref,yes,13,0,YY,No,2000,2014,geographic exclusion in xeric. Reconsider as reference,"prox develop, undev hw",8,0,0,0,265.6,0,0.13,0,0.65,14,3
10255810,BORREGO PALM C NR BORREGO SPRINGS CA,33.27892637,-116.4300139,ok, ,Ref,yes,52,24,Y,No,1950,2004,see GAGES_II_SCREENING_COMMENTS,"mostly roadless, NEoA",6,0,0,0,94.7,0,0.5,0,0.2,54,3
10257500,FALLS C NR WHITEWATER CA,33.86946114,-116.6716824,ok, ,Non-ref,yes,20,0,Y,No,1994,2015,No evidence of hydro alteration during specified period,"undeveloped, NEoA",6,0,0,0,123.3,0,0.06,0,0,21,3
10257600,MISSION C NR DESERT HOT SPRINGS CA,34.01112284,-116.6280689,ok, ,Ref,yes,46,7,Y,No,1967,2015,see GAGES_II_SCREENING_COMMENTS,"roadless, no sign of regulation",5,0,0,0,26.8,0,0.22,0,0.22,48,3
10258000,TAHQUITZ C NR PALM SPRINGS CA,33.80501929,-116.5591816,ok, ,Ref,yes,63,24,Y,No,1950,2015,see GAGES_II_SCREENING_COMMENTS,"roadless, wilderness",6,0,0,0,123.3,0,0.02,0,0,65,3
10258500,PALM CYN C NR PALM SPRINGS CA,33.74502178,-116.5355709,ok, ,Ref,yes,64,24,Y,No,1950,2015,see GAGES_II_SCREENING_COMMENTS,"mostly roadless, NEoA",7,0,0,0,123.3,0,1.65,0,0.51,65,3
10259000,ANDREAS C NR PALM SPRINGS CA,33.7600211,-116.5500155,ok, ,Ref,yes,64,24,Y,No,1950,2015,see GAGES_II_SCREENING_COMMENTS,"San Jacinto Wilderness, Ind. Res.",6,0,0,0,123.3,0,0,0.05,0,65,3
10259200,DEEP C NR PALM DESERT CA,33.63113647,-116.3922342,ok,disc. segments,Ref,yes,52,12,Y,No,1962,2015,see GAGES_II_SCREENING_COMMENTS,"mostly roadless, NEoA",7,0,0,0,123.3,0,1.04,0,0.57,53,3
10263500,BIG ROCK C NR VALYERMO CA,34.42083115,-117.8395072,ok, ,Ref,yes,64,24,Y,No,1950,2014,see GAGES_II_SCREENING_COMMENTS,"mostly roadless, NEoA",9,0,0,0,199.5,0,2.98,0,0.67,64,3
10264000,LITTLE ROCK C AB LTTLE ROCK RES NR LITTLEROCK CA,34.46388375,-118.0189578,ok, ,Ref,yes,31,24,Y,No,1950,2005,see GAGES_II_SCREENING_COMMENTS,"mostly roadless, NEoA",8,0,0,0,199.5,0,1.37,0,0.34,55,3
10336645,GENERAL C NR MEEKS BAY CA,39.05185197,-120.1185209,ok, ,Ref,yes,33,0,Y,No,1980,2014,see GAGES_II_SCREENING_COMMENTS,roadless,5,0,0,0,17.1,0,0.51,0,0.59,34,3
10336660,BLACKWOOD C NR TAHOE CITY CA,39.10740708,-120.1621352,ok, ,Ref,yes,53,14,Y,No,1960,2014,see GAGES_II_SCREENING_COMMENTS,"mostly roadless, NEoA",6,0,0,0,67.1,0,0.85,0,0.73,54,3
10336676,WARD C AT HWY 89 NR TAHOE PINES CA,39.1321292,-120.1576913,ok, ,Ref,yes,41,2,Y,No,1972,2014,see GAGES_II_SCREENING_COMMENTS,"lt proximal development, NEoA",6,0,0,0,67.1,0,1.72,0,0.63,42,3
10340500,PROSSER C BL PROSSER C DAM NR TRUCKEE CA,39.37324026,-120.131587,ok, ,Non-ref,yes,63,23,Y,No,1950,1961,No evidence of hydro alteration during specified period,proximal reservoir,20,266.59,0,0,26.5,0,5.47,0,2.04,11,3
10343500,SAGEHEN CR NR TRUCKEE CA,39.43157246,-120.2379793,ok, ,Ref,yes,60,21,Y,No,1953,2014,see GAGES_II_SCREENING_COMMENTS,"HBN, some unpaved roads",6,0,0,0,26.2,0,0,0,1.16,61,3
11031500,AGUA CALIENTE C NR WARNER SPRINGS CA,33.28864832,-116.6539084,ok, ,Ref,yes,26,13,Y,No,1961,1987,see GAGES_II_SCREENING_COMMENTS,"some roads, possible diversions upstream",7,0,0,0,94.7,0,1.33,0,0.51,26,3
11033000,WF SAN LUIS REY R NR WARNER SPRINGS CA,33.29670362,-116.759744,ok, ,Ref,yes,29,17,Y,No,1956,1986,see GAGES_II_SCREENING_COMMENTS,"some roads, small ponds on 1 trib",6,0,0,0,94.7,0,1.56,0.12,0.55,30,3
11037700,PAUMA C NR PAUMA VALLEY CA,33.33614497,-116.9744716,ok, , ,yes,17,10,Y,No,1964,1975,No evidence of hydro alteration, ,0, , , ,0, ,0,0,0,11,3
11063000,CAJON C NR KEENBROOK CA,34.26695013,-117.4600497,ok, ,Non-ref,yes,26,21,Y,No,1950,1982,No evidence of hydro alteration during specified period,adjacent interstate,8,0,0,0,17,0,9.35,0,1.91,32,3
11073470,CUCAMONGA C NR UPLAND CA,34.1794521,-117.628943,ok, ,Ref,yes,25,24,Y,No,1950,1975,see GAGES_II_SCREENING_COMMENTS,"mostly roadless, NEoA",4,0,0,0,17,0,0.81,0,0.32,25,3
11080500,EF SAN GABRIEL R NR CAMP BONITA CA,34.23583798,-117.8058928,ok, ,Ref,yes,29,24,Y,No,1950,1979,see GAGES_II_SCREENING_COMMENTS,possible upstream diversion,8,0,0,0,196.3,0,1.16,0,0.29,29,3
11082000,WF SAN GABRIEL R A CAMP RINCON CA,34.24111517,-117.8633948,ok, ,Non-ref,yes,28,24,Y,No,1950,1978,No evidence of hydro alteration during specified period,upstrm reservoir,12,41.59,0,0,199.5,0,1.79,0,0.41,28,3
11094000,TUJUNGA C BL MILL C NR COLBY RANCH CA,34.30916717,-118.1453499,ok, ,Ref,yes,21,21,Y,No,1950,1971,see GAGES_II_SCREENING_COMMENTS,"some roads, NEoA",9,0,0,0,199.5,0,2.53,0,0.71,21,3
11095500,BIG TUJUNGA C NR SUNLAND CA,34.30055637,-118.2686878,ok, ,Non-ref,yes,27,24,Y,No,1950,1977,No evidence of hydro alteration during specified period,upstrm reservoir,13,25.87,0,0,199.5,0,3.08,0,0.72,27,3
11111500,SESPE CREEK NEAR WHEELER SPRINGS CA,34.5777657,-119.2578902,ok, ,Ref,yes,58,24,Y,No,1950,2014,see GAGES_II_SCREENING_COMMENTS,mostly roadless HW,7,0,0,0,95.5,0,2.23,0,0.5,64,3
11113000,SESPE C NR FILLMORE,34.4416618,-118.9273212,ok, ,Non-ref,yes,57,24,Y,No,1950,1980,No evidence of hydro alteration during specified period,proximal diversion,7,0,0,0,96.9,0.01,1.09,0,0.32,30,3
11154700,CLEAR C NR IDRIA CA,36.36468256,-120.7562868,ok, ,Ref,yes,18,0,Y,No,1993,2015,see GAGES_II_SCREENING_COMMENTS,"lt develop, NEoA",7,0,0,0,35.5,0,4.57,0,1.21,22,3
11195500,SAN EMIGDIO C A SAN EMIGDIO RANCHHOUSE CA,34.98163745,-119.1851097,ok, ,Ref,yes,22,15,Y,No,1959,1981,see GAGES_II_SCREENING_COMMENTS,"mostly roadless basin, mtn development in 1 trib",10,0,0,0,183.9,0,3.19,0,0.93,22,3
11203580,SF TULE R NR CHOLOLLO CAMPGROUND NR PORTERVILLE CA,36.04828125,-118.6542556,ok, ,Ref,yes,12,0,Y,No,2000,2014,see GAGES_II_SCREENING_COMMENTS,"undeveloped, NEoA",9,0,0,0,265.6,0,0,0,0.89,14,3
11208500,MF KAWEAH TRIB NR HAMMOND CA,36.49300156,-118.825932,ok, , ,yes,6,6,Y,No,1967,1973,No evidence of hydro alteration, ,0, , , ,0, ,0,0,0,6,3
11209900,KAWEAH R A THREE RIVERS CA,36.44383632,-118.9034335,ok, ,Non-ref,yes,32,16,Y,No,1958,1990,No evidence of hydro alteration during specified period,"proximal irrigation, upstrm diversions",8,1.07,0,0,265.6,0,0.65,0,0.38,32,3
11220000,BIG C AB PINE FLAT RES NR TRIMMER CA,36.91633697,-119.2445652,ok, ,Ref,yes,20,20,Y,No,1953,1973,see GAGES_II_SCREENING_COMMENTS,some roads,10,0,0,0,331.3,0,0.03,0.02,0.9,20,3
11268000,SF MERCED R NR EL PORTAL CA,37.65131973,-119.8854532,ok, ,Non-ref,yes,24,23,Y,No,1951,1975,No evidence of hydro alteration during specified period,"upstrm diversion, mostly roadless",6,0,0,0,90.1,0,0.41,0,0.5,24,3
11281000,SF TUOLUMNE R NR OAKLAND RECREATION CAMP CA,37.82159266,-120.0129616,ok, ,Ref,yes,51,24,Y,No,1950,2002,see GAGES_II_SCREENING_COMMENTS,smll upstrm impoundment,4,0,0,0,7.5,0,1.21,0,0.83,52,3
11282000,M TUOLUMNE R A OAKLAND RECREATION CAMP CA,37.82825915,-120.0115727,ok, ,Ref,yes,51,24,Y,No,1950,2002,see GAGES_II_SCREENING_COMMENTS,forest roads & campgrnds,7,0,2.51,0,7.7,0,0.38,0,0.54,52,3
11283500,CLAVEY R NR BUCK MEADOWS CA,37.90048017,-120.0718517,ok, ,Ref,yes,32,15,Y,No,1959,1995,see GAGES_II_SCREENING_COMMENTS,"mostly roadless, NEoA",6,0,0,0,7.7,0,0,0,1.29,36,3
11294500,NF STANISLAUS R NR AVERY CA,38.2438067,-120.2910282,ok, ,Non-ref,yes,64,24,Y,No,1950,1988,No evidence of hydro alteration during specified period,upstrm reservoirs,17,573.84,0,0,9.4,0,1.43,0,0.95,38,3
11315000,COLE C NR SALT SPRINGS DAM CA,38.5190783,-120.2126928,ok, ,Ref,yes,64,24,Y,No,1950,2014,see GAGES_II_SCREENING_COMMENTS,mostly roadless & wilderness,5,0,0,0,28.4,0,0,0,0.52,64,3
11316800,FOREST C NR WILSEYVILLE CA,38.40324566,-120.4468676,ok, ,Non-ref,yes,53,14,Y,No,1960,2015,No evidence of hydro alteration during specified period,many forest roads,7,0,0,0,8.9,0,0.33,0,1.83,55,3
11318500,SF MOKELUMNE R NR WEST POINT CA,38.36824625,-120.5454823,ok, ,Non-ref,yes,63,24,Y,No,1950,2015,No evidence of hydro alteration during specified period,possible diversions,14,11.43,0,0,8.9,0,0.55,0,1.95,65,3
"11,341,400",SACRAMENTO R NR MT SHASTA CA,41.26654165,-122.3116771,ok, ,Non-ref,yes,28,15,Y,No,1959,1987,No evidence of hydro alteration during specified period,proximal resevoir--Box Canyon Dam,18,93.23,0,0,46.9,0.62,5.27,0.29,1.69,28,3
11376500,BATTLE C NR COTTONWOOD CA,40.39709897,-122.1358311,ok, , ,yes,11,11,Y,No,1950,1959,No evidence of hydro alteration, ,0, , , ,0, ,0,0,0,9,3
11394500,MF FEATHER R NR MERRIMAC CA,39.70821994,-121.2705175,ok, ,Non-ref,yes,35,23,Y,No,1951,1986,No evidence of hydro alteration during specified period,"mixed land use, NEoA",14,62.96,2.44,0,19.8,0,1.41,0.23,1.24,35,3
11400000,BUTT C AB ALMANOR-BUTT C TU NR PRATTVILLE CA,40.18960782,-121.1907966,ok, , ,yes,14,14,Y,No,1950,1964,No evidence of hydro alteration, ,0, , , ,0, ,0,0,0,14,3
11408850,M YUBA R NR CAMPTONVILLE CA,39.41683845,-120.9527274,ok, ,Non-ref,yes,22,7,Y,No,1967,1980,No evidence of hydro alteration during specified period,upstrm reservoir,18,187.57,2.19,0,25.5,0,0.72,0,1.14,13,3
11409300,OREGON C A CAMPTONVILLE CA,39.44600312,-121.0463431,ok, ,Ref,yes,33,7,Y,No,1967,2000,see GAGES_II_SCREENING_COMMENTS,"lt development, forestry, NEoA",8,0,0,0,37.1,0,1.93,0,2.09,33,3
11409500,OREGON C NR NORTH SAN JUAN CA,39.40266982,-121.0774543,ok, ,Ref,yes,19,19,Y,No,1950,1969,see GAGES_II_SCREENING_COMMENTS,mostly undeveloped basin--NEoA,16,1.24,0,0,90,0,2.36,0,2.06,19,3
11413100,N YUBA R AB SLATE C NR STRAWBERRY CA,39.52461288,-121.0916235,ok, , ,yes,19,6,Y,No,1968,1986,No evidence of hydro alteration, ,0, , , ,0, ,0,0,0,18,3
11413320,DEADWOOD C NR STRAWBERRY VALLEY CA,39.54989055,-121.0944014,ok, ,Ref,yes,18,0,Y,No,1994,2014,see GAGES_II_SCREENING_COMMENTS,"undeveloped, logging, NEoA",13,0,0,0,308.4,0,2.29,0,2.75,20,3
11414000,S YUBA R NR CISCO CA,39.32129093,-120.5643753,ok, ,Non-ref,yes,44,24,Y,No,1950,1980,No evidence of hydro alteration during specified period,proximal interstate & impoundments,8,37.24,0,0,40.4,0,2.82,0,1.51,30,3
11426150,ONION C NR SODA SPRINGS CA,39.26712708,-120.3649233,ok, ,Ref,yes,20,15,Y,No,1959,1979,see GAGES_II_SCREENING_COMMENTS,"mostly undeveloped, NEoA",7,0,0,0,67.1,0,2.17,0,0.46,20,3
11427700,DUNCAN CYN C NR FRENCH MEADOWS CA,39.1357376,-120.4785353,ok, ,Ref,yes,53,14,Y,No,1960,2014,see GAGES_II_SCREENING_COMMENTS,roadless,8,0.97,0,0,67.1,0,1.48,0,0.49,54,3
11433260,NF OF MF AMERICAN R NR FORESTHILL CA,39.02406712,-120.7185401,ok, ,Ref,yes,20,9,Y,No,1965,1985,see GAGES_II_SCREENING_COMMENTS,some forest roads & logging,12,0,3.26,0,67.1,0,0.63,0,1.82,20,3
11433300,MF AMERICAN R NR FORESTHILL CA,39.0060108,-120.7607633,ok, ,Non-ref,yes,55,16,Y,No,1958,1966,No evidence of hydro alteration during specified period,proximal dam/diversion,21,381.64,5.21,0,52,0,0.32,0,1.14,8,3
11433500,MF AMERICAN R NR AUBURN CA,38.91795401,-121.0152215,ok, ,Non-ref,yes,34,23,Y,No,1950,1964,No evidence of hydro alteration during specified period,upstrm diversions & reservoirs,22,324.02,5.64,0,49.5,0,0.67,0,1.29,14,3
11445500,SF AMERICAN R NR LOTUS CA,38.81851188,-120.946885,ok, ,Non-ref,yes,44,23,Y,No,1951,1959,No evidence of hydro alteration during specified period,upstrm reservoir,22,214.08,5.3,0,16.6,0,1.97,0,1.58,8,3
11472900,BLACK BUTTE R NR COVELO CA,39.82071008,-123.0816755,ok, ,Ref,yes,21,16,Y,No,1958,2005,see GAGES_II_SCREENING_COMMENTS,mostly roadless,10,0.06,0,0,111.6,0,3.63,0,1.11,47,3
11480390,MAD R AB RUTH RES NR FOREST GLEN CA,40.28431329,-123.3353034,ok, ,Ref,yes,33,0,Y,No,1980,2014,see GAGES_II_SCREENING_COMMENTS,many forest roads,6,0,0,0,7.5,0,2.71,0,1.03,34,3
11522500,SALMON R A SOMES BAR CA,41.3765154,-123.4770026,ok, ,Ref,yes,64,24,Y,No,1950,2014,see GAGES_II_SCREENING_COMMENTS,some roads & logging,6,0,0,0,47,0,1.34,0,0.5,64,3
11523200,TRINITY R AB COFFEE C NR TRINITY CTR CA,41.1112571,-122.7055788,ok, ,Ref,yes,57,17,Y,No,1957,2014,see GAGES_II_SCREENING_COMMENTS,many forest roads & logging,4,0,0,0,8.1,0,0.68,0,0.75,57,3
11525500,TRINITY R A LEWISTON CA,40.71931244,-122.8036339,ok, ,Non-ref,yes,64,24,Y,Yes,1950,1960,No evidence of hydro alteration during specified period,proximal reservoir--Lewiston Lake,17,1630.79,0.04,0,8,0,2.06,0,0.89,10,3
11526500,NF TRINITY R A HELENA CA,40.7818089,-123.1283653,ok, ,Ref,yes,23,17,Y,No,1957,2014,see GAGES_II_SCREENING_COMMENTS,"roadless, NEoA",4,0,0,0,7.7,0,0.54,0,0.17,57,3
11527400,NEW R A DENNY CA,40.94569163,-123.3830998,ok, , ,yes,10,10,Y,No,1959,1969,No evidence of hydro alteration, ,0, , , ,0, ,0,0,0,10,3
11154100,BODFISH C NR GILROY CA,37.0041163,-121.6671686,ok, ,Ref,yes,23,15,Y,No,1959,1982,see GAGES_II_SCREENING_COMMENTS,"some roads, NEoA",11,0,0,0,135.2,0,5.99,0.13,1.65,23,4
11390672,STONE CORRAL C NR SITES CA,39.2882206,-122.3010909,ok, ,Ref,yes,26,15,Y,No,1958,1985,see GAGES_II_SCREENING_COMMENTS,"mostly roadless, NEoA",9,0,0,0,421.5,0,0.75,0,0.5,27,4
11396400,SUCKER RUN NR FORBESTOWN CA,39.55322067,-121.3021851,ok, ,Non-ref,yes,22,9,Y,No,1965,1987,No evidence of hydro alteration during specified period,upstrm diversions,10,0,0,0,342.8,0,0,0,1.24,22,4
11413323,OWL GULCH NR STRAWBERRY VALLEY CA,39.5454461,-121.0952348,ok, ,Ref,yes,18,0,Y,No,1994,2014,see GAGES_II_SCREENING_COMMENTS,"undeveloped, logging, NEoA",13,0,0,0,308.4,0,1.84,0,2.77,20,4
11457000,DRY C NR NAPA CA,38.35630164,-122.364977,ok,used upstream comid--closer to gage, ,yes,15,15,Y,No,1951,1966,No evidence of hydro alteration, ,0, , , ,0, ,0,0,0,15,4
11458300,NAPA C A NAPA,38.3018588,-122.3038634,ok, , ,yes,13,4,Y,No,1970,1979,No evidence of hydro alteration, ,0, , , ,0, ,0,0,0,9,4
11467200,AUSTIN C NR CAZADERO CA,38.5065797,-123.0697239,ok, ,Ref,yes,17,7,Y,No,1959,2014,see GAGES_II_SCREENING_COMMENTS,"undeveloped, NEoA",9,0,0,0,48.1,0,2.26,0,1.36,55,4
11467500,SF GUALALA R NR ANNAPOLIS CA,38.70491205,-123.4230642,ok, ,Ref,yes,21,21,Y,No,1950,1994,see GAGES_II_SCREENING_COMMENTS,"mostly undeveloped, NEoA",13,2.44,0,0,48.1,0,1.76,0,1.21,44,4
11467600,GARCIA R NR POINT ARENA CA,38.92629636,-123.6302925,ok, ,Ref,yes,21,12,Y,No,1962,1983,see GAGES_II_SCREENING_COMMENTS,"many forest roads, NEoA",7,0,0,0,7.8,0,3.83,0,1.27,21,4
11468000,NAVARRO R NR NAVARRO CA,39.17045608,-123.668069,ok, ,Ref,yes,63,24,Y,No,1950,2013,see GAGES_II_SCREENING_COMMENTS,"some irrigated ag upstrm, NEoA",7,0.05,0,0,7.8,0.91,4.48,0.86,1.4,63,4
11468500,NOYO R NR FORT BRAGG CA,39.42822378,-123.7377917,ok, ,Ref,yes,62,23,Y,No,1951,2014,see GAGES_II_SCREENING_COMMENTS,some roads,8,0.86,0,0,7.8,0,5.57,0,1.3,63,4
11468600,MF TENMILE R NR FORT BRAGG CA,39.57266134,-123.7002935,ok, , ,yes,9,9,Y,No,1964,1973,No evidence of hydro alteration, ,0, , , ,0, ,0,0,0,9,4
11468900,MATTOLE R NR ETTERSBURG CA,40.139309,-123.991423,ok, ,Ref,yes,12,0,Y,No,2001,2014,see GAGES_II_SCREENING_COMMENTS,"lt development, NEoA",6,0,0,0,14.4,0,3.3,0,1.15,13,4
11472160,WILLITS C AB LK EMILY NR WILLITS CA,39.449329,-123.3980667,ok, ,Ref,yes,9,0,Y,No,2003,2012,see GAGES_II_SCREENING_COMMENTS,"lt development, NEoA",7,0,0,0,7.8,0,4.81,0,1.55,9,4
11473900,MF EEL R NR DOS RIOS CA,39.70626687,-123.3252913,ok, ,Ref,yes,48,9,Y,No,1965,2014,see GAGES_II_SCREENING_COMMENTS,"NEoA, some forest roads & logging",9,0.93,0,0,30,0,2.87,0,0.88,49,4
11474500,NF EEL R NR MINA CA,39.9373742,-123.3469626,ok, ,Ref,yes,27,21,Y,No,1953,2005,see GAGES_II_SCREENING_COMMENTS,"mostly roadless, NEoA",5,0,0,0,7.5,0,2.15,0,0.78,52,4
11475500,SF EEL R NR BRANSCOMB CA,39.71904456,-123.6527961,ok, ,Ref,yes,20,20,Y,No,1950,1970,see GAGES_II_SCREENING_COMMENTS,"some roads & lt development, NEoA",8,0,0,0,7.8,0,5.08,0,1.83,20,4
11475560,ELDER C NR BRANSCOMB CA,39.7295997,-123.6439073,ok, ,Ref,yes,46,7,Y,No,1967,2014,see GAGES_II_SCREENING_COMMENTS,"HBN, undisturbed",4,0,0,0,7.8,0,0.24,0,0.39,47,4
11475800,SF EEL R A LEGGETT CA,39.8745957,-123.7205775,ok, ,Ref,yes,40,9,Y,No,1965,2014,see GAGES_II_SCREENING_COMMENTS,"small town in hw of main trib, mostly undeveloped basin, NEoA",10,0.73,0,0,7.8,0.21,4.85,0.04,1.55,49,4
11476500,SF EEL R NR MIRANDA CA,40.18181004,-123.7761426,ok, ,Non-ref,yes,63,24,Y,No,1950,1980,No evidence of hydro alteration during specified period,upstrm reservoir,9,1.28,0,0,10,0.08,4.69,0.02,1.49,30,4
11476600,BULL C NR WEOTT CA,40.351528,-124.0050423,ok, ,Ref,yes,54,14,Y,No,1960,2014,see GAGES_II_SCREENING_COMMENTS,mod. Roads,7,0,0,0,15.2,0,4.14,0,1.36,54,4
11477000,EEL R A SCOTIA CA,40.49152384,-124.0997699,ok, ,Non-ref,yes,63,24,Y,No,1950,1970,No evidence of hydro alteration during specified period,upstrm reservoir & diversions,11,13.29,0.09,0.01,18.1,0.04,3.3,0.02,1.07,20,4
11477500,VAN DUZEN R NR DINSMORE CA,40.48458571,-123.6580935,ok, , ,yes,16,16,Y,No,1953,1974,No evidence of hydro alteration, ,0, , , ,0, ,0,0,0,21,4
11478500,VAN DUZEN R NR BRIDGEVILLE CA,40.48041636,-123.890876,ok, ,Ref,yes,63,24,Y,No,1950,2014,see GAGES_II_SCREENING_COMMENTS,"mostly roadless, loggin in HW",5,0,0,0,13,0,1.77,0,1.07,64,4
11481200,LITTLE R NR TRINIDAD CA,41.0098479,-124.0814555,ok, ,Ref,yes,59,19,Y,No,1955,2014,see GAGES_II_SCREENING_COMMENTS,some roads & logging,7,0,0,0,15.2,0,0.47,0.1,1.91,59,4
11481500,REDWOOD C NR BLUE LAKE CA,40.90596479,-123.815335,ok, ,Ref,yes,43,7,Y,No,1953,2014,see GAGES_II_SCREENING_COMMENTS,some roads,6,0,0,0,15.2,0,0.82,0,1.35,61,4
11482110,LACKS C NR ORICK CA,41.06068303,-123.8670069,ok, , ,yes,11,0,Y,No,1980,1991,No evidence of hydro alteration, ,0, , , ,0, ,0,0,0,11,4
11482120,REDWOOD C AB PANTHER C NR ORICK CA,41.08901555,-123.907564,ok, , ,yes,9,0,Y,No,1980,1989,No evidence of hydro alteration, ,0, , , ,0, ,0,0,0,9,4
11482125,PANTHER C NR ORICK CA,41.08846,-123.9083973,ok, , ,yes,12,0,Y,No,1979,1988,No evidence of hydro alteration, ,0, , , ,0, ,0,0,0,9,4
11482200,REDWOOD C AT S PARK BOUNDARY NR ORICK CA,41.17179181,-123.9497889,ok, , ,yes,11,4,Y,No,1970,1981,No evidence of hydro alteration, ,0, , , ,0, ,0,0,0,11,4
11482500,REDWOOD C A ORICK CA,41.2992896,-124.0511825,ok, ,Ref,yes,61,21,Y,No,1953,2014,see GAGES_II_SCREENING_COMMENTS,many forest roads & logging,6,0,0,0,15.2,0.07,1.35,0.06,1.56,61,4
11529000,SF TRINITY R NR SALYER CA,40.841525,-123.5678243,ok, , ,yes,17,17,Y,No,1950,1967,No evidence of hydro alteration, ,0, , , ,0, ,0,0,0,17,4
11532000,SF SMITH R NR CRESCENT CITY CA,41.79150242,-124.0261871,ok, , ,yes,9,7,Y,No,1954,1979,No evidence of hydro alteration, ,0, , , ,0, ,0,0,0,25,4
11532500,SMITH R NR CRESCENT CITY CA,41.7915026,-124.0761887,ok, ,Ref,yes,63,24,Y,No,1950,2014,see GAGES_II_SCREENING_COMMENTS,many forest roads & logging,5,0,0,0,9.1,0,2.95,0,0.81,64,4
11377100,Sacramento River at Bend Bridge (USGS and USBR),40.28861,-122.1856,,,,,,,,Yes,1891,1942,Major dams/diversions began 1943,,,,,,,,,,,51,5
11269300,MAXWELL C A COULTERVILLE CA,37.71604127,-120.1899102,ok, ,Ref,yes,20,15,YY,No,1959,1980,geographic exclusion in xeric. Reconsider as reference,"lt devlp, NEoA, few roads in HW",4,0,0,0,2.4,0,1.08,0,1.19,21,6
11110500,HOPPER CREEK NEAR PIRU CA,34.40083045,-118.8264837,ok, ,Non-ref,yes,33,24,Y,No,1950,1983,No evidence of hydro alteration during specified period,proximal irrigated ag & possible diversions,7,0,0,0,97.3,0.41,1.1,0.41,0.3,33,6
11115500,MATILIJA C A MATILIJA HOT SPRINGS,34.48276995,-119.3017809,ok, ,Non-ref,yes,38,24,Y,No,1950,1980,No evidence of hydro alteration during specified period,proximal reservoir--Matilla Dam,11,15.72,0,0,92.4,0,0.55,0.02,0.25,30,6
11117600,COYOTE CREEK NEAR OAK VIEW CA,34.41666158,-119.3706722,ok, ,Ref,yes,30,16,Y,No,1958,1988,see GAGES_II_SCREENING_COMMENTS,"mostly roadless, NEoA",7,0,0,0,97.3,0,0.78,0,0.66,30,6
11117800,SANTA ANA C NR OAK VIEW,34.42360587,-119.3412265,ok, ,Non-ref,yes,30,16,Y,No,1958,1980,No evidence of hydro alteration during specified period,proximal irrigate ag & possible diversion,9,0,0,0,97.3,0.8,1.97,0.42,0.92,22,6
11120500,SAN JOSE C NR GOLETA CA,34.45916286,-119.8090283,ok, ,Ref,yes,62,24,Y,No,1950,2014,see GAGES_II_SCREENING_COMMENTS,"prox ag & possible diversions, mostly roadless hw",12,0,0.51,0,58.9,8.26,7.48,6.24,1.89,64,6
11124500,SANTA CRUZ C NR SANTA YNEZ CA,34.59665633,-119.9087519,ok, ,Ref,yes,63,24,Y,No,1950,2014,see GAGES_II_SCREENING_COMMENTS,"some roads, NEoA",6,0,0,0,58.9,0,0.55,0,0.34,64,6
11128400,ALISAL C NR SOLVANG CA,34.57637614,-120.1484816,ok, , ,yes,17,17,Y,No,1954,1969,No evidence of hydro alteration, ,0, , , ,0, ,0,0,0,15,6
11141150,ARROYO GRANDE AB PHOENIX C NR ARROYO GRANDE CA,35.18858618,-120.4351621,ok, ,Ref,yes,25,7,Y,No,1967,1992,see GAGES_II_SCREENING_COMMENTS,proximal ag & probable diversion,6,0,0,0,33.3,0.36,1.79,0.71,0.84,25,6
11141280,LOPEZ C NR ARROYO GRANDE CA,35.23553035,-120.4723857,ok, ,Ref,yes,46,7,Y,No,1967,2014,see GAGES_II_SCREENING_COMMENTS,"mostly roadless, NEoA",5,0,0,0,33.3,0,1.26,0,0.72,47,6
11143000,BIG SUR R NR BIG SUR CA,36.24579648,-121.7732872,ok, ,Ref,yes,64,24,Y,No,1950,2014,see GAGES_II_SCREENING_COMMENTS,mostly roadless,7,0,0,0,126.1,0,0.5,0,0.37,64,6
11143500,SALINAS R NR POZO CA,35.29858465,-120.4037709,ok, ,Ref,yes,33,24,Y,No,1950,1983,see GAGES_II_SCREENING_COMMENTS,"mostly roadless, NEoA",6,0,0,0,33.3,7.2,1.58,0.12,0.71,33,6
11148900,NACIMIENTO R BL SAPAQUE C NR BRYSON CA,35.78857918,-121.0938048,suspect,should be COMID=8209965,Ref,yes,43,3,Y,No,1971,2014,see GAGES_II_SCREENING_COMMENTS,"some roads & logging, NEoA",15,0.96,0,0,124.6,0,3.49,0.03,1.33,43,6
11151300,SAN LORENZO C BL BITTERWATER C NR KING CITY CA,36.26802087,-121.066303,ok, ,Ref,yes,56,16,Y,No,1958,2014,see GAGES_II_SCREENING_COMMENTS,"lt irrigation, NEoA",8,0,0,0,85.3,5.9,3.69,0.83,1.12,56,6
11151870,ARROYO SECO NR GREENFIELD CA,36.23746164,-121.4816027,ok, ,Ref,yes,26,13,Y,No,1961,2014,see GAGES_II_SCREENING_COMMENTS,"mostly roadless, NEoA",7,0,0,0,126.1,0,0.76,0,0.45,53,6
11152900,CEDAR C NR BELL STATION CA,37.04994511,-121.3274311,ok, ,Ref,yes,21,13,Y,No,1961,1982,see GAGES_II_SCREENING_COMMENTS,"mostly roadless, NEoA",7,0,0,0,140,0,0.81,0.09,0.29,21,6
11153470,LLAGAS C AB CHESBRO RES NR MORGAN HILL CA,37.14827978,-121.7682836,ok, ,Ref,yes,18,3,Y,No,1971,2010,see GAGES_II_SCREENING_COMMENTS,"undeveloped, NEoA",8,0,0,0,140,0,2.16,0,0.18,39,6
11153900,UVAS C AB UVAS RES NR MORGAN HILL CA,37.09272543,-121.7182818,ok, ,Ref,yes,21,13,Y,No,1961,1982,see GAGES_II_SCREENING_COMMENTS,proximal irrigation & domestic possible use,8,0,0,0,137.3,0,2.29,0,0.62,21,6
11156500,SAN BENITO R NR WILLOW CREEK SCHOOL CA,36.60940609,-121.2029797,ok, ,Non-ref,yes,63,24,Y,No,1950,1960,No evidence of hydro alteration during specified period,upstrm irrigation & possible diversion,12,34.45,0,0,36.9,0,2.07,0,0.76,10,6
11159690,APTOS C NR APTOS CA,37.00161665,-121.9060688,ok, , ,yes,14,3,Y,No,1971,1985,No evidence of hydro alteration, ,0, , , ,0, ,0,0,0,14,6
11160000,SOQUEL C A SOQUEL CA,36.9913389,-121.9557933,ok, ,Non-ref,yes,63,23,Y,No,1951,2014,No evidence of hydro alteration during specified period,"proximal hvy urban, upstrm irrigated ag",12,0,0,0,70.2,0,13.16,0.07,2.27,63,6
11160020,SAN LORENZO R NR BOULDER C CA,37.20661136,-122.1449644,ok, ,Ref,yes,24,6,Y,No,1968,1992,see GAGES_II_SCREENING_COMMENTS,"mostly roadless, NEoA",9,0,0,0,72.1,0,5.61,0,1.43,24,6
11160070,BOULDER C AT BOULDER CREEK CA,37.12661339,-122.1227425,ok, , ,yes,16,0,Y,No,1976,1987,No evidence of hydro alteration, ,0, , , ,0, ,0,0,0,11,6
11160300,ZAYANTE C A ZAYANTE CA,37.08605874,-122.0469069,ok, ,Ref,yes,35,17,Y,No,1957,1992,see GAGES_II_SCREENING_COMMENTS,"lt development, NEoA",12,0,0,0,69.8,0,8.7,0,3.16,35,6
11160500,SAN LORENZO R A BIG TREES CA,37.04439313,-122.0724641,ok, ,Non-ref,yes,64,24,Y,No,1950,2014,No evidence of hydro alteration during specified period,prox. Development,20,40.19,0,0,69.5,0,12.91,0,2.75,64,6
11162500,PESCADERO C NR PESCADERO CA,37.26077707,-122.3288602,ok, ,Ref,yes,63,23,Y,No,1951,2014,see GAGES_II_SCREENING_COMMENTS,"possible munip diversion, roadless HW",16,0.49,0,0,74.5,0,5.77,0.08,2.03,63,6
11162540,BUTANO C NR PESCADERO CA,37.23355579,-122.3666399,ok, , ,yes,12,12,Y,No,1962,1974,No evidence of hydro alteration, ,0, , , ,0, ,0,0,0,12,6
11162570,SAN GREGORIO C A SAN GREGORIO CA,37.3257762,-122.3866404,ok, ,Ref,yes,36,5,Y,No,1969,2014,see GAGES_II_SCREENING_COMMENTS,"prox agriculture, forested hw",10,0,0,0,74,0.43,6.83,0.76,1.88,45,6
11169800,COYOTE C NR GILROY CA,37.07772286,-121.4943832,ok, ,Ref,yes,31,14,Y,No,1960,2014,see GAGES_II_SCREENING_COMMENTS,"mostly roadless, NEoA",9,1.39,0,0,141.1,0.07,1.09,0.04,0.35,54,6
11180500,DRY C A UNION CITY CA,37.6060452,-122.0238504,ok, ,Ref,yes,55,15,Y,No,1959,2015,see GAGES_II_SCREENING_COMMENTS,"proximal urban, NEoA",9,0,0,0,167.1,0,2.42,0.1,1.12,56,6
11180825,SAN LORENZO C AB DON CASTRO RES NR CASTRO V CA,37.69520825,-122.044962,ok, ,Non-ref,yes,30,0,Y,No,1980,1998,No evidence of hydro alteration during specified period,prox urban,10,0,0,0,169.6,0,10.74,0.03,1.54,18,6
11180960,CULL C AB CULL C RES NR CASTRO VALLEY CA,37.71770737,-122.0544067,ok, ,Ref,yes,35,0,Y,No,1978,2014,see GAGES_II_SCREENING_COMMENTS,lt suburban development on fringes,10,0,0,0,172.4,0,8.19,0,0.87,36,6
11181000,SAN LORENZO C A HAYWARD CA,37.68548644,-122.064407,ok, ,Non-ref,yes,48,24,Y,No,1950,1965,No evidence of hydro alteration during specified period,urban,21,8.68,0,0,172.7,0,15.67,0.02,1.7,15,6
11181390,WILDCAT C A VALE RD AT RICHMOND CA,37.9532571,-122.3383039,ok, ,Non-ref,yes,20,0,Y,No,1975,1985,No evidence of hydro alteration during specified period,urban,28,23.43,6.78,0,390,0,23.9,0,3.5,10,6
11182100,PINOLE C A PINOLE CA,37.97242309,-122.2463573,ok, ,Ref,yes,27,24,Y,No,1950,1977,see GAGES_II_SCREENING_COMMENTS,"lt ag in basin, lt development in hw",11,0,0,0,401.3,0,4.92,0,1.1,27,6
11182500,SAN RAMON C A SAN RAMON CA,37.772983,-121.9946825,ok, ,Non-ref,yes,61,22,Y,No,1952,2015,No evidence of hydro alteration during specified period,upstrm hvy urban,11,0,0,0,393.3,0,8.74,0,1.1,63,6
11183000,SAN RAMON C AT WALNUT CREEK CA,37.88436913,-122.0510736,ok, ,Non-ref,yes,21,21,Y,No,1952,1964,No evidence of hydro alteration during specified period,proximal hvy urban,23,0.42,0,0,400,0,50.2,0,4.58,12,6
11197250,AVENAL C NR AVENAL CA,35.85412696,-120.1270849,ok, ,Ref,yes,25,13,Y,No,1961,1986,see GAGES_II_SCREENING_COMMENTS,"mostly roadless, NEoA",10,0,0,0,557.7,0,1.71,0,0.57,25,6
11199500,WHITE R NR DUCOR CA,35.80995236,-118.9184294,ok, ,Ref,yes,37,6,Y,No,1950,2005,see GAGES_II_SCREENING_COMMENTS,some roads,9,0,0,0,251.6,0,0.45,0,1.12,55,6
11220500,SYCAMORE C AB PINE FLAT RES NR TRIMMER CA,36.92022642,-119.3098459,ok, ,Ref,yes,20,20,Y,No,1953,1973,see GAGES_II_SCREENING_COMMENTS,possible small domestic use,10,0,0,0,331.3,0,0.62,0,1.22,20,6
11274500,ORESTIMBA C NR NEWMAN CA,37.31549247,-121.1252081,ok, ,Ref,yes,64,24,Y,No,1950,2014,see GAGES_II_SCREENING_COMMENTS,mostly roadless,9,0,0,0,562.8,0,0.38,0.03,0.14,64,6
11274630,DEL PUERTO C NR PATTERSON CA,37.48659935,-121.2091026,ok, ,Ref,yes,48,9,Y,No,1965,2014,see GAGES_II_SCREENING_COMMENTS,possible diversions,9,0,0,0,562.8,0,1.28,0,0.25,49,6
11337500,MARSH C NR BYRON CA,37.87325835,-121.7271752,ok, ,Ref,yes,30,21,Y,No,1953,1983,see GAGES_II_SCREENING_COMMENTS,"lt development, NEoA",10,0,0,0,401.3,0,2.81,0.49,0.68,30,6
11371000,CLEAR C A FRENCH GULCH CA,40.6948699,-122.6366845,ok, ,Ref,yes,43,24,Y,No,1950,1993,see GAGES_II_SCREENING_COMMENTS,historic mining & possible domestic use,7,0,0,0,59,0,2,0,0.86,43,6
11372000,CLEAR C NR IGO CA,40.51320587,-122.5241795,ok, ,Non-ref,yes,63,24,Y,No,1950,1961,No evidence of hydro alteration during specified period,upstrm reservoir--Whiskey Town,21,503.96,3.14,0,59.2,0,2.81,0,0.88,11,6
11375700,NF COTTONWOOD C NR IGO CA,40.44209523,-122.5502903,ok, ,Non-ref,yes,24,18,Y,No,1956,1980,No evidence of hydro alteration during specified period,proximal irrigated ag & possible diversions,15,19.43,13.21,0,59.8,0,1.96,0.27,0.54,24,6
11449500,KELSEY C NR KELSEYVILLE CA,38.92739984,-122.8436046,ok, ,Ref,yes,62,24,Y,No,1950,2014,see GAGES_II_SCREENING_COMMENTS,"lt development, NEoA",9,0,0,0,20.9,0,4.64,0,1.67,64,6
11451100,NF CACHE C A HOUGH SPRING NR CLEARLAKE OAKS CA,39.1654458,-122.6199862,ok, ,Ref,yes,42,3,Y,No,1971,2015,see GAGES_II_SCREENING_COMMENTS,"mostly roadless, NEoA",6,0,0,0,22.1,0,2.28,0,0.65,44,6
11460100,ARROYO CORTE MADERA D PRES A MILL VALLEY CA,37.8971482,-122.5360868,ok, , ,yes,19,8,Y,No,1965,1986,No evidence of hydro alteration, ,0, , , ,0, ,0,0,0,21,6
11464500,DRY C NR CLOVERDALE CA,38.74963216,-123.0922252,ok, ,Ref,yes,30,24,Y,No,1950,1980,see GAGES_II_SCREENING_COMMENTS,Currently submerged by Lake Sonoma--record ends prior to dam,6,0,0,0,29.3,0,2.22,0,0.73,30,6
11473100,WILLIAMS C NR COVELO CA,39.82487658,-123.1413996,ok, , ,yes,8,8,Y,No,1961,1969,No evidence of hydro alteration, ,0, , , ,0, ,0,0,0,8,6
11480800,NF MAD R NR KORBEL CA,40.88624107,-123.9417258,ok, , ,yes,9,9,Y,No,1957,1974,No evidence of hydro alteration, ,0, , , ,0, ,0,0,0,17,6
11522300,SF SALMON R NR FORKS OF SALMON CA,41.22207858,-123.2511584,ok, , ,yes,8,8,Y,No,1957,1965,No evidence of hydro alteration, ,0, , , ,0, ,0,0,0,8,6
11525530,RUSH C NR LEWISTON CA,40.7245899,-122.8347458,ok, ,Ref,yes,11,0,Y,No,2002,2015,see GAGES_II_SCREENING_COMMENTS,"lt develop, logging, NEoA",7,0,0,0,7.5,0,3.61,0,1.37,13,6
11525670,INDIAN C NR DOUGLAS CITY CA,40.651812,-122.914469,ok, ,Ref,yes,9,0,Y,No,2004,2015,see GAGES_II_SCREENING_COMMENTS,"undeveloped hw, prox irrigated ag",5,0,0,0,7.9,0,1.92,0,0.77,11,6
11528700,SF TRINITY R BL HYAMPOM CA,40.6498627,-123.4942046,ok, ,Ref,yes,48,9,Y,No,1965,2014,see GAGES_II_SCREENING_COMMENTS,roads & logging,9,0.55,0,0,7.6,0.06,3.83,0.03,1.27,49,6
11116000,NF MATILIJA C A MATILIJA HOT SPRINGS CA,34.49249174,-119.3065034,ok, ,Ref,yes,32,23,Y,No,1950,1983,see GAGES_II_SCREENING_COMMENTS,"mostly roadless, NEoA",8,0,0,0,97.3,0,4.37,0,0.64,33,7
11120510,SAN JOSE C A GOLETA CA,34.43027415,-119.822083,ok, ,Non-ref,yes,25,4,Y,No,1970,1980,No evidence of hydro alteration during specified period,proximal hvy urban,25,9.38,6.61,0,58.9,12.14,23.35,9.83,3.1,10,7
11120520,SAN PEDRO C A GOLETA CA,34.4397181,-119.8365279,ok, ,Non-ref,yes,7,2,Y,No,1970,2013,No evidence of hydro alteration during specified period,urban,12,0,8.59,0,58.9,15.75,6.26,12.94,0.83,43,7
11120550,GAVIOTA C NR GAVIOTA CA,34.48776644,-120.2270947,ok, ,Non-ref,yes,20,8,Y,No,1966,1986,No evidence of hydro alteration during specified period,adjacent interestate,8,0,0,0,58.9,0,4.85,0.05,1.23,20,7
11132500,SALSIPUEDES C NR LOMPOC CA,34.5885957,-120.4084938,ok, ,Non-ref,yes,63,24,Y,No,1950,1987,No evidence of hydro alteration during specified period,proximal irrigated ag,8,0,0,0,58.9,1.74,4.1,2.74,1.21,37,7
11138500,SISQUOC R NR SISQUOC CA,34.83970289,-120.1682063,ok, ,Ref,yes,54,24,Y,No,1950,2014,see GAGES_II_SCREENING_COMMENTS,"roadless, NEoA",6,0,0,0,58.9,0.02,0.32,0.01,0.14,64,7
11172100,UP PENITENCIA C A SAN JOSE CA,37.3952171,-121.8282872,ok, ,Non-ref,yes,26,13,Y,No,1961,1987,No evidence of hydro alteration during specified period,proximal urban,14,20.27,0,0,140,0,4.97,0,0.79,26,7
11172945,ALAMEDA C AB DIV DAM NR SUNOL CA,37.4974356,-121.7735644,ok, ,Ref,yes,20,0,Y,No,1994,2014,see GAGES_II_SCREENING_COMMENTS,"undeveloped, NEoA",7,0,0,0,147.7,0,0.97,0.12,0.5,20,7
11173200,ARROYO HONDO NR SAN JOSE CA,37.46160337,-121.769397,ok, ,Ref,yes,33,6,Y,No,1968,2014,see GAGES_II_SCREENING_COMMENTS,mostly roadless,8,3.28,0,0,140,0,2.08,0.02,0.67,46,7
11176400,ARROYO VALLE BL LANG CN NR LIVERMORE CA,37.56132196,-121.6838389,ok, ,Ref,yes,50,11,Y,No,1963,2015,see GAGES_II_SCREENING_COMMENTS,"mostly roadless, NEoA",7,0,0,0,151,0,1.31,0.02,0.71,52,7
11224500,LOS GATOS C AB NUNEZ CYN NR COALINGA CA,36.21467719,-120.4707116,ok, ,Ref,yes,63,24,Y,No,1950,2014,see GAGES_II_SCREENING_COMMENTS,lt local irrigation,10,0,0,0,329.4,0,2.22,0,0.71,64,7
11253310,CANTUA C NR CANTUA CREEK CA,36.40217399,-120.4334917,ok, ,Ref,yes,47,8,Y,No,1966,2014,see GAGES_II_SCREENING_COMMENTS,"mostly undeveloped, NEoA",8,0,0,0,290.3,0,1.4,0,0.53,48,7
11379000,ANTELOPE C NR RED BLUFF CA,40.20376742,-122.1183272,ok, ,Ref,yes,32,24,YY,No,1950,1982,geographic exclusion in xeric. Reconsider as reference,"mostly roadless, logging in HW",8,0,0,0,74.3,0,0.64,0,1.33,32,8
10255800,COYOTE C NR BORREGO SPRINGS CA,33.3736453,-116.4275137,suspect,on trib. coords. wrong. should be COMID=22597421,Ref,yes,33,24,Y,No,1950,1983,see GAGES_II_SCREENING_COMMENTS,"roadless, NEoA",7,0,0,0,111,0.16,1.71,0.22,0.64,33,8
11023250,POWAY C NR POWAY CA,32.95365699,-117.0147528,ok, , ,yes,10,0,Y,No,1977,1987,No evidence of hydro alteration, ,0, , , ,0, ,0,0,0,10,8
11023310,RATTLESNAKE C A POWAY CA,32.9519902,-117.0497537,ok, , ,yes,12,0,Y,No,1977,1989,No evidence of hydro alteration, ,0, , , ,0, ,0,0,0,12,8
11023325,BEELER C A POMERADO RD NR POWAY CA,32.93976827,-117.0666984,ok, , ,yes,13,0,Y,No,1976,1989,No evidence of hydro alteration, ,0, , , ,0, ,0,0,0,13,8
11046300,SAN MATEO C NR SAN CLEMENTE CA,33.47085987,-117.4730986,ok, ,Ref,yes,36,15,Y,No,1952,2015,see GAGES_II_SCREENING_COMMENTS,"mostly roadless, NEoA",9,0,0,0,115.9,0,3.62,0,0.98,63,8
11046500,SAN JUAN C NR SAN JUAN CAPISTRANO CA,33.51891459,-117.6250493,ok, ,Non-ref,yes,19,19,Y,No,1950,1961,No evidence of hydro alteration during specified period,upstrm urban,21,30.94,0,0,284.4,0.69,11.34,0.36,1.27,11,8
11048553,SAND CYN C A IRVINE CA,33.65724307,-117.8275553,ok, ,Non-ref,yes,12,0,Y,No,2001,2014,No evidence of hydro alteration during specified period,urban,24,54.75,0,0,316.2,0,44.96,0,4.18,13,8
11058600,WATERMAN CANYON CREEK NR ARROWHEAD SPRINGS CA,34.1858333,-117.2722222,ok, ,Ref,yes,41,24,Y,No,1950,2015,see GAGES_II_SCREENING_COMMENTS,"highway in part of basin, NEoA",10,0,0,0,17,0,13.33,0,2.5,65,8
11077000,SANTIAGO C NR VILLA PARK CA,33.82279419,-117.7767213,ok, , ,yes,13,13,Y,No,1950,1963,No evidence of hydro alteration, ,0, , , ,0, ,0,0,0,13,8
11084500,FISH C NR DUARTE CA,34.1658396,-117.92423,ok, ,Ref,yes,29,24,Y,No,1950,1979,see GAGES_II_SCREENING_COMMENTS,"mostly undeveloped, NEoA",13,0,4.49,0,199.5,0,2.81,0,1.03,29,8
11098000,ARROYO SECO NR PASADENA CA,34.22222629,-118.1775727,ok, ,Ref,yes,63,24,Y,No,1950,2014,see GAGES_II_SCREENING_COMMENTS,"mostly roadless, NEoA",10,0,0,0,199.5,0,5.31,0,1.01,64,8
11100000,SANTA ANITA C NR SIERRA MADRE CA,34.1916716,-118.0172888,ok, ,Ref,yes,20,20,Y,No,1950,1970,see GAGES_II_SCREENING_COMMENTS,"mostly roadless, NEoA",9,0,0,0,199.5,0,2.45,0,0.69,20,8
11120530,TECOLOTITO C NR GOLETA CA,34.43471754,-119.8687502,ok, , ,yes,8,2,Y,No,1970,1991,No evidence of hydro alteration, ,0, , , ,0, ,0,0,0,21,8
11134800,MIGUELITO C A LOMPOC CA,34.6316501,-120.4648857,ok, ,Non-ref,yes,37,4,Y,No,1970,1980,No evidence of hydro alteration during specified period,prox urban & channelization,9,0,0,0,58.9,0,9.79,0,1.2,10,8
11257500,FRESNO R NR KNOWLES CA,37.23716913,-119.7748763,ok, ,Non-ref,yes,40,24,Y,No,1950,1970,No evidence of hydro alteration during specified period,upstrm dispersed urban,16,0.39,0,0,224.2,0,3.17,0.01,2.13,20,8
11258000,FRESNO R BL HIDDEN DAM NR DAULTON CA,37.09744734,-119.8896013,ok, ,Non-ref,yes,40,24,Y,No,1950,1970,No evidence of hydro alteration during specified period,proximal reservoir--Hidden Dam,21,161.3,0.27,0,235.7,0.09,3.13,0.1,2,20,8
11259000,CHOWCHILLA R BL BUCHANAN DAM NR RAYMOND CA,37.21550105,-119.9912761,ok, ,Non-ref,yes,36,21,Y,No,1950,1972,No evidence of hydro alteration during specified period,proximal reservoir--,17,212.93,0,0,68.5,0,1.45,0,1.48,22,8
11284400,BIG C AB WHITES GULCH NR GROVELAND CA,37.8418714,-120.1849103,ok, ,Ref,yes,44,5,Y,No,1969,2014,see GAGES_II_SCREENING_COMMENTS,"lt development, mostly forested basin, NEoA",13,0,13.36,0,7.6,0,2.5,0,2.13,45,8
11299600,BLACK C NR COPPEROPOLIS CA,37.96103615,-120.6152035,ok, ,Ref,yes,31,0,Y,No,1983,2014,see GAGES_II_SCREENING_COMMENTS,"mostly roadless, NEoA",4,0,0,0,8.9,0,1.28,0,0.79,31,8
11334300,SF COSUMNES R NR RIVER PINES CA,38.55685113,-120.7932682,ok, ,Ref,yes,23,17,Y,No,1957,1980,see GAGES_II_SCREENING_COMMENTS,proximal possible domestic withdrawls,8,0,0,0,19,0.11,1.34,0.04,1.94,23,8
11374000,COW C NR MILLVILLE CA,40.50487467,-122.2330577,ok, ,Non-ref,yes,63,24,Y,No,1950,1980,No evidence of hydro alteration during specified period,proximal irrigated ag & urban,14,0.41,0.71,0,60.1,2.77,2.55,0.97,1.31,30,8
11451715,BEAR C AB HOLSTEN CHIMNEY CYN NR RUMSEY CA,38.95767446,-122.3427535,ok, ,Non-ref,yes,15,0,Y,No,1997,2014,No evidence of hydro alteration during specified period,"some irrigated ag, mostly undeveloped, NEoA",12,1.75,0,0,414.1,0,2.07,0.13,0.49,17,8
10360900,BIDWELL C BL MILL C NR FORT BIDWELL CA,41.8823902,-120.1749508,ok, ,Ref,yes,22,14,Y,No,1960,1982,see GAGES_II_SCREENING_COMMENTS,"some roads, NEoA",5,0,0,0,30.5,0,0,0,0.51,22,9
11355500,HAT C NR HAT CREEK CA,40.68637967,-121.4231786,,,,,,,,No,1968,1988,,,,,,,,,,,,20,9